{"cameraMode":{"drawMode":0,"name":"Shaded","section":"Shading Mode"},"sceneLighting":false,"audioPlay":false,"sceneViewState":{"m_AlwaysRefresh":false,"showFog":true,"showSkybox":false,"showFlares":true,"showImageEffects":true,"showParticleSystems":true,"showVisualEffectGraphs":true,"m_FxEnabled":true},"in2DMode":false,"pivot":{"x":12.33150863647461,"y":1.2500001192092896,"z":10.224560737609864},"rotation":{"x":0.07370880991220474,"y":-0.48235562443733218,"z":0.04073363170027733,"w":0.8719885349273682},"size":1.639360785484314,"orthographic":false}