{"cameraMode":{"drawMode":0,"name":"Shaded","section":"Shading Mode"},"sceneLighting":false,"audioPlay":false,"sceneViewState":{"m_AlwaysRefresh":false,"showFog":true,"showSkybox":false,"showFlares":true,"showImageEffects":true,"showParticleSystems":true,"showVisualEffectGraphs":true,"m_FxEnabled":true},"in2DMode":false,"pivot":{"x":12.33150863647461,"y":1.2500001192092896,"z":10.224560737609864},"rotation":{"x":-0.06265444308519364,"y":0.004405342508107424,"z":0.00020230154041200876,"w":0.9981194734573364},"size":1.639360785484314,"orthographic":false}