{"cameraMode":{"drawMode":0,"name":"Shaded","section":"Shading Mode"},"sceneLighting":false,"audioPlay":false,"sceneViewState":{"m_AlwaysRefresh":false,"showFog":true,"showSkybox":false,"showFlares":true,"showImageEffects":true,"showParticleSystems":true,"showVisualEffectGraphs":true,"m_FxEnabled":true},"in2DMode":false,"pivot":{"x":10.877486228942871,"y":0.6805347800254822,"z":9.920206069946289},"rotation":{"x":0.023712560534477235,"y":-0.22315189242362977,"z":0.005356741137802601,"w":0.9745768904685974},"size":2.545876979827881,"orthographic":false}