{"cameraMode":{"drawMode":0,"name":"Shaded","section":"Shading Mode"},"sceneLighting":true,"audioPlay":false,"sceneViewState":{"m_AlwaysRefresh":false,"showFog":true,"showSkybox":true,"showFlares":true,"showImageEffects":true,"showParticleSystems":true,"showVisualEffectGraphs":true,"m_FxEnabled":true},"in2DMode":false,"pivot":{"x":0.48311471939086916,"y":1.0782301425933838,"z":-0.5256828665733337},"rotation":{"x":-0.2646060883998871,"y":0.16442757844924928,"z":-0.04569518566131592,"w":-0.9493263959884644},"size":0.2508624196052551,"orthographic":false}