{"cameraMode":{"drawMode":0,"name":"Shaded","section":"Shading Mode"},"sceneLighting":false,"audioPlay":false,"sceneViewState":{"m_AlwaysRefresh":false,"showFog":false,"showSkybox":false,"showFlares":false,"showImageEffects":false,"showParticleSystems":false,"showVisualEffectGraphs":true,"m_FxEnabled":true},"in2DMode":false,"pivot":{"x":-0.00007486343383789063,"y":1.376856803894043,"z":0.0787513256072998},"rotation":{"x":-0.1080341711640358,"y":0.7443585991859436,"z":-0.1241399422287941,"w":-0.6472629904747009},"size":2.2915356159210207,"orthographic":false}