{"cameraMode":{"drawMode":0,"name":"Shaded","section":"Shading Mode"},"sceneLighting":true,"audioPlay":false,"sceneViewState":{"m_AlwaysRefresh":false,"showFog":true,"showSkybox":true,"showFlares":true,"showImageEffects":true,"showParticleSystems":true,"showVisualEffectGraphs":true,"m_FxEnabled":true},"in2DMode":false,"pivot":{"x":-16.70712661743164,"y":2.5263288021087648,"z":12.78470230102539},"rotation":{"x":0.0014308537356555462,"y":-0.6435811519622803,"z":0.0011111334897577763,"w":0.765497624874115},"size":12.701122283935547,"orthographic":false}